station_name,MAE,MSE,RMSE,WAPE
Data_สถานีชาร์จ,22.530506154218703,1856.7253874684409,43.089736451601105,0.39082007435146243
Data_อาคารจามจุรี 9,35.91079796536923,2194.7931937122803,46.848619976604226,0.14325635934916758
Data_อาคารจามจุรี4,9.176979918747767,151.39969587351604,12.30445837383816,0.28393985486756873
Data_อาคารจุลจักรพงษ์,12.741869970739641,267.9651099813354,16.369639885511695,0.1895439854724431
Data_อาคารบรมราชกุมารี,17.4765844627509,612.1664959320631,24.7419986244455,0.16799655705633074
all_station,19.75778782150618,1032.7134946856713,32.13585994937231,0.19111794228197374
